date,phase_id,phase_name,npi_active,days_since_phase,days_since_npi,days_since_phase1,days_since_phase2
2020/3/1,0,pre_npi,0,0,-30,-86,-106
2020/3/2,0,pre_npi,0,0,-29,-85,-105
2020/3/3,0,pre_npi,0,0,-28,-84,-104
2020/3/4,0,pre_npi,0,0,-27,-83,-103
2020/3/5,0,pre_npi,0,0,-26,-82,-102
2020/3/6,0,pre_npi,0,0,-25,-81,-101
2020/3/7,0,pre_npi,0,0,-24,-80,-100
2020/3/8,0,pre_npi,0,0,-23,-79,-99
2020/3/9,0,pre_npi,0,0,-22,-78,-98
2020/3/10,0,pre_npi,0,0,-21,-77,-97
2020/3/11,0,pre_npi,0,0,-20,-76,-96
2020/3/12,0,pre_npi,0,0,-19,-75,-95
2020/3/13,0,pre_npi,0,0,-18,-74,-94
2020/3/14,0,pre_npi,0,0,-17,-73,-93
2020/3/15,0,pre_npi,0,0,-16,-72,-92
2020/3/16,0,pre_npi,0,0,-15,-71,-91
2020/3/17,0,pre_npi,0,0,-14,-70,-90
2020/3/18,0,pre_npi,0,0,-13,-69,-89
2020/3/19,0,pre_npi,0,0,-12,-68,-88
2020/3/20,0,pre_npi,0,0,-11,-67,-87
2020/3/21,0,pre_npi,0,0,-10,-66,-86
2020/3/22,0,pre_npi,0,0,-9,-65,-85
2020/3/23,0,pre_npi,0,0,-8,-64,-84
2020/3/24,0,pre_npi,0,0,-7,-63,-83
2020/3/25,0,pre_npi,0,0,-6,-62,-82
2020/3/26,0,pre_npi,0,0,-5,-61,-81
2020/3/27,0,pre_npi,0,0,-4,-60,-80
2020/3/28,0,pre_npi,0,0,-3,-59,-79
2020/3/29,0,pre_npi,0,0,-2,-58,-78
2020/3/30,0,pre_npi,0,0,-1,-57,-77
2020/3/31,1,lockdown,0,0,0,-56,-76
2020/4/1,1,lockdown,0,1,1,-55,-75
2020/4/2,1,lockdown,0,2,2,-54,-74
2020/4/3,1,lockdown,0,3,3,-53,-73
2020/4/4,1,lockdown,0,4,4,-52,-72
2020/4/5,1,lockdown,0,5,5,-51,-71
2020/4/6,1,lockdown,0,6,6,-50,-70
2020/4/7,1,lockdown,1,7,7,-49,-69
2020/4/8,1,lockdown,1,8,8,-48,-68
2020/4/9,1,lockdown,1,9,9,-47,-67
2020/4/10,1,lockdown,1,10,10,-46,-66
2020/4/11,1,lockdown,1,11,11,-45,-65
2020/4/12,1,lockdown,1,12,12,-44,-64
2020/4/13,1,lockdown,1,13,13,-43,-63
2020/4/14,1,lockdown,1,14,14,-42,-62
2020/4/15,1,lockdown,1,15,15,-41,-61
2020/4/16,1,lockdown,1,16,16,-40,-60
2020/4/17,1,lockdown,1,17,17,-39,-59
2020/4/18,1,lockdown,1,18,18,-38,-58
2020/4/19,1,lockdown,1,19,19,-37,-57
2020/4/20,1,lockdown,1,20,20,-36,-56
2020/4/21,1,lockdown,1,21,21,-35,-55
2020/4/22,1,lockdown,1,22,22,-34,-54
2020/4/23,1,lockdown,1,23,23,-33,-53
2020/4/24,1,lockdown,1,24,24,-32,-52
2020/4/25,1,lockdown,1,25,25,-31,-51
2020/4/26,1,lockdown,1,26,26,-30,-50
2020/4/27,1,lockdown,1,27,27,-29,-49
2020/4/28,1,lockdown,1,28,28,-28,-48
2020/4/29,1,lockdown,1,29,29,-27,-47
2020/4/30,1,lockdown,1,30,30,-26,-46
2020/5/1,1,lockdown,1,31,31,-25,-45
2020/5/2,1,lockdown,1,32,32,-24,-44
2020/5/3,1,lockdown,1,33,33,-23,-43
2020/5/4,1,lockdown,1,34,34,-22,-42
2020/5/5,1,lockdown,1,35,35,-21,-41
2020/5/6,1,lockdown,1,36,36,-20,-40
2020/5/7,1,lockdown,1,37,37,-19,-39
2020/5/8,1,lockdown,1,38,38,-18,-38
2020/5/9,1,lockdown,1,39,39,-17,-37
2020/5/10,1,lockdown,1,40,40,-16,-36
2020/5/11,1,lockdown,1,41,41,-15,-35
2020/5/12,1,lockdown,1,42,42,-14,-34
2020/5/13,1,lockdown,1,43,43,-13,-33
2020/5/14,1,lockdown,1,44,44,-12,-32
2020/5/15,1,lockdown,1,45,45,-11,-31
2020/5/16,1,lockdown,1,46,46,-10,-30
2020/5/17,1,lockdown,1,47,47,-9,-29
2020/5/18,1,lockdown,1,48,48,-8,-28
2020/5/19,1,lockdown,1,49,49,-7,-27
2020/5/20,1,lockdown,1,50,50,-6,-26
2020/5/21,1,lockdown,1,51,51,-5,-25
2020/5/22,1,lockdown,1,52,52,-4,-24
2020/5/23,1,lockdown,1,53,53,-3,-23
2020/5/24,1,lockdown,1,54,54,-2,-22
2020/5/25,1,lockdown,1,55,55,-1,-21
2020/5/26,2,phase1,1,0,56,0,-20
2020/5/27,2,phase1,1,1,57,1,-19
2020/5/28,2,phase1,1,2,58,2,-18
2020/5/29,2,phase1,1,3,59,3,-17
2020/5/30,2,phase1,1,4,60,4,-16
2020/5/31,2,phase1,1,5,61,5,-15
2020/6/1,2,phase1,1,6,62,6,-14
2020/6/2,2,phase1,1,7,63,7,-13
2020/6/3,2,phase1,1,8,64,8,-12
2020/6/4,2,phase1,1,9,65,9,-11
2020/6/5,2,phase1,1,10,66,10,-10
2020/6/6,2,phase1,1,11,67,11,-9
2020/6/7,2,phase1,1,12,68,12,-8
2020/6/8,2,phase1,1,13,69,13,-7
2020/6/9,2,phase1,1,14,70,14,-6
2020/6/10,2,phase1,1,15,71,15,-5
2020/6/11,2,phase1,1,16,72,16,-4
2020/6/12,2,phase1,1,17,73,17,-3
2020/6/13,2,phase1,1,18,74,18,-2
2020/6/14,2,phase1,1,19,75,19,-1
2020/6/15,3,phase2,1,0,76,20,0
2020/6/16,3,phase2,1,1,77,21,1
2020/6/17,3,phase2,1,2,78,22,2
2020/6/18,3,phase2,1,3,79,23,3
2020/6/19,3,phase2,1,4,80,24,4
2020/6/20,3,phase2,1,5,81,25,5
2020/6/21,3,phase2,1,6,82,26,6
2020/6/22,3,phase2,1,7,83,27,7
2020/6/23,3,phase2,1,8,84,28,8
2020/6/24,3,phase2,1,9,85,29,9
2020/6/25,3,phase2,1,10,86,30,10
2020/6/26,3,phase2,1,11,87,31,11
2020/6/27,3,phase2,1,12,88,32,12
2020/6/28,3,phase2,1,13,89,33,13
2020/6/29,3,phase2,1,14,90,34,14
2020/6/30,3,phase2,1,15,91,35,15
2020/7/1,3,phase2,1,16,92,36,16
2020/7/2,3,phase2,1,17,93,37,17
2020/7/3,3,phase2,1,18,94,38,18
2020/7/4,3,phase2,1,19,95,39,19
2020/7/5,3,phase2,1,20,96,40,20
2020/7/6,3,phase2,1,21,97,41,21
2020/7/7,3,phase2,1,22,98,42,22
2020/7/8,3,phase2,1,23,99,43,23
2020/7/9,3,phase2,1,24,100,44,24
2020/7/10,3,phase2,1,25,101,45,25
2020/7/11,3,phase2,1,26,102,46,26
2020/7/12,3,phase2,1,27,103,47,27
2020/7/13,3,phase2,1,28,104,48,28
2020/7/14,3,phase2,1,29,105,49,29
2020/7/15,3,phase2,1,30,106,50,30
2020/7/16,3,phase2,1,31,107,51,31
2020/7/17,3,phase2,1,32,108,52,32
2020/7/18,3,phase2,1,33,109,53,33
2020/7/19,3,phase2,1,34,110,54,34
2020/7/20,3,phase2,1,35,111,55,35
2020/7/21,3,phase2,1,36,112,56,36
2020/7/22,3,phase2,1,37,113,57,37
2020/7/23,3,phase2,1,38,114,58,38
2020/7/24,3,phase2,1,39,115,59,39
2020/7/25,3,phase2,1,40,116,60,40
2020/7/26,3,phase2,1,41,117,61,41
2020/7/27,3,phase2,1,42,118,62,42
2020/7/28,3,phase2,1,43,119,63,43
2020/7/29,3,phase2,1,44,120,64,44
2020/7/30,3,phase2,1,45,121,65,45
2020/7/31,3,phase2,1,46,122,66,46
2020/8/1,3,phase2,1,47,123,67,47
2020/8/2,3,phase2,1,48,124,68,48
2020/8/3,3,phase2,1,49,125,69,49
2020/8/4,3,phase2,1,50,126,70,50
2020/8/5,3,phase2,1,51,127,71,51
2020/8/6,3,phase2,1,52,128,72,52
2020/8/7,3,phase2,1,53,129,73,53
2020/8/8,3,phase2,1,54,130,74,54
2020/8/9,3,phase2,1,55,131,75,55
2020/8/10,3,phase2,1,56,132,76,56
2020/8/11,3,phase2,1,57,133,77,57
2020/8/12,3,phase2,1,58,134,78,58
2020/8/13,3,phase2,1,59,135,79,59
2020/8/14,3,phase2,1,60,136,80,60
2020/8/15,3,phase2,1,61,137,81,61
2020/8/16,3,phase2,1,62,138,82,62
2020/8/17,3,phase2,1,63,139,83,63
2020/8/18,3,phase2,1,64,140,84,64
2020/8/19,3,phase2,1,65,141,85,65
2020/8/20,3,phase2,1,66,142,86,66
2020/8/21,3,phase2,1,67,143,87,67
2020/8/22,3,phase2,1,68,144,88,68
2020/8/23,3,phase2,1,69,145,89,69
2020/8/24,3,phase2,1,70,146,90,70
2020/8/25,3,phase2,1,71,147,91,71
2020/8/26,3,phase2,1,72,148,92,72
2020/8/27,3,phase2,1,73,149,93,73
2020/8/28,3,phase2,1,74,150,94,74
2020/8/29,3,phase2,1,75,151,95,75
2020/8/30,3,phase2,1,76,152,96,76
2020/8/31,3,phase2,1,77,153,97,77
