date,S,E,I,R,new_E,new_E_internal,new_E_external
2020-03-01,909,0,2,0,0,0,0
2020-03-02,908,1,2,0,1,1,0
2020-03-03,906,3,2,0,2,2,0
2020-03-04,906,3,2,0,0,0,0
2020-03-05,904,4,3,0,2,2,0
2020-03-06,904,2,5,0,0,0,0
2020-03-07,903,3,3,2,1,1,0
2020-03-08,903,1,5,2,0,0,0
2020-03-09,901,3,5,2,2,2,0
2020-03-10,900,3,6,2,1,1,0
2020-03-11,893,10,6,2,7,7,0
2020-03-12,889,12,7,3,4,4,0
2020-03-13,887,13,6,5,2,2,0
2020-03-14,887,6,13,5,0,0,0
2020-03-15,886,3,15,7,1,1,0
2020-03-16,879,8,17,7,7,7,0
2020-03-17,874,13,16,8,5,5,0
2020-03-18,869,17,17,8,5,5,0
2020-03-19,860,19,22,10,9,9,0
2020-03-20,857,17,26,11,3,3,0
2020-03-21,848,21,24,18,9,9,0
2020-03-22,843,17,29,22,5,5,0
2020-03-23,835,22,30,24,8,8,0
2020-03-24,826,22,39,24,9,9,0
2020-03-25,819,24,43,25,7,7,0
2020-03-26,803,32,44,32,16,16,0
2020-03-27,797,29,48,37,6,6,0
2020-03-28,793,26,50,42,4,4,0
2020-03-29,784,19,57,51,9,9,0
2020-03-30,768,29,60,54,16,16,0
2020-03-31,759,34,55,63,9,9,0
2020-04-01,749,35,59,68,10,10,0
2020-04-02,735,33,67,76,14,14,0
2020-04-03,726,33,67,85,9,9,0
2020-04-04,719,30,70,92,7,7,0
2020-04-05,712,23,68,108,7,7,0
2020-04-06,698,28,71,114,14,14,0
2020-04-07,687,32,74,118,11,11,0
2020-04-08,682,30,72,127,5,5,0
2020-04-09,676,22,70,143,6,6,0
2020-04-10,673,14,72,152,3,3,0
2020-04-11,669,13,67,162,4,4,0
2020-04-12,665,11,59,176,4,4,0
2020-04-13,658,15,53,185,7,7,0
2020-04-14,654,15,50,192,4,4,0
2020-04-15,651,14,47,199,3,3,0
2020-04-16,649,9,40,213,2,2,0
2020-04-17,646,8,33,224,3,3,0
2020-04-18,644,7,31,229,2,2,0
2020-04-19,644,5,27,235,0,0,0
2020-04-20,643,3,27,238,1,1,0
2020-04-21,643,1,25,242,0,0,0
2020-04-22,640,4,21,246,3,3,0
2020-04-23,640,3,15,253,0,0,0
2020-04-24,638,5,11,257,2,2,0
2020-04-25,638,2,11,260,0,0,0
2020-04-26,637,3,9,262,1,1,0
2020-04-27,637,1,8,265,0,0,0
2020-04-28,636,2,6,267,1,1,0
2020-04-29,635,2,7,267,1,1,0
2020-04-30,635,2,6,268,0,0,0
2020-05-01,634,2,7,268,1,1,0
2020-05-02,634,1,5,271,0,0,0
2020-05-03,634,1,5,271,0,0,0
2020-05-04,634,0,4,273,0,0,0
2020-05-05,633,1,4,273,1,1,0
2020-05-06,633,1,3,274,0,0,0
2020-05-07,633,1,3,274,0,0,0
2020-05-08,633,0,3,275,0,0,0
2020-05-09,633,0,2,276,0,0,0
2020-05-10,633,0,2,276,0,0,0
2020-05-11,633,0,1,277,0,0,0
2020-05-12,633,0,1,277,0,0,0
2020-05-13,633,0,1,277,0,0,0
2020-05-14,633,0,1,277,0,0,0
2020-05-15,632,1,0,278,1,1,0
2020-05-16,632,1,0,278,0,0,0
2020-05-17,632,1,0,278,0,0,0
2020-05-18,632,0,1,278,0,0,0
2020-05-19,632,0,1,278,0,0,0
2020-05-20,632,0,1,278,0,0,0
2020-05-21,632,0,1,278,0,0,0
2020-05-22,632,0,1,278,0,0,0
2020-05-23,632,0,1,278,0,0,0
2020-05-24,632,0,1,278,0,0,0
2020-05-25,632,0,0,279,0,0,0
2020-05-26,632,0,0,279,0,0,0
2020-05-27,632,0,0,279,0,0,0
2020-05-28,632,0,0,279,0,0,0
2020-05-29,632,0,0,279,0,0,0
2020-05-30,632,0,0,279,0,0,0
2020-05-31,632,0,0,279,0,0,0
2020-06-01,632,0,0,279,0,0,0
2020-06-02,632,0,0,279,0,0,0
2020-06-03,632,0,0,279,0,0,0
2020-06-04,632,0,0,279,0,0,0
2020-06-05,632,0,0,279,0,0,0
2020-06-06,631,1,0,279,1,1,0
2020-06-07,631,1,0,279,0,0,0
2020-06-08,631,1,0,279,0,0,0
2020-06-09,631,0,1,279,0,0,0
2020-06-10,631,0,1,279,0,0,0
2020-06-11,631,0,1,279,0,0,0
2020-06-12,631,0,1,279,0,0,0
2020-06-13,631,0,1,279,0,0,0
2020-06-14,631,0,1,279,0,0,0
2020-06-15,631,0,1,279,0,0,0
2020-06-16,631,0,0,280,0,0,0
2020-06-17,631,0,0,280,0,0,0
2020-06-18,631,0,0,280,0,0,0
2020-06-19,631,0,0,280,0,0,0
2020-06-20,631,0,0,280,0,0,0
2020-06-21,631,0,0,280,0,0,0
2020-06-22,631,0,0,280,0,0,0
2020-06-23,631,0,0,280,0,0,0
2020-06-24,631,0,0,280,0,0,0
2020-06-25,631,0,0,280,0,0,0
2020-06-26,631,0,0,280,0,0,0
2020-06-27,631,0,0,280,0,0,0
2020-06-28,631,0,0,280,0,0,0
2020-06-29,631,0,0,280,0,0,0
2020-06-30,631,0,0,280,0,0,0
2020-07-01,631,0,0,280,0,0,0
2020-07-02,631,0,0,280,0,0,0
2020-07-03,631,0,0,280,0,0,0
2020-07-04,631,0,0,280,0,0,0
2020-07-05,631,0,0,280,0,0,0
2020-07-06,631,0,0,280,0,0,0
2020-07-07,631,0,0,280,0,0,0
2020-07-08,631,0,0,280,0,0,0
2020-07-09,631,0,0,280,0,0,0
2020-07-10,631,0,0,280,0,0,0
2020-07-11,631,0,0,280,0,0,0
2020-07-12,631,0,0,280,0,0,0
2020-07-13,631,0,0,280,0,0,0
2020-07-14,631,0,0,280,0,0,0
2020-07-15,631,0,0,280,0,0,0
2020-07-16,631,0,0,280,0,0,0
2020-07-17,631,0,0,280,0,0,0
2020-07-18,631,0,0,280,0,0,0
2020-07-19,631,0,0,280,0,0,0
2020-07-20,631,0,0,280,0,0,0
2020-07-21,631,0,0,280,0,0,0
2020-07-22,631,0,0,280,0,0,0
2020-07-23,631,0,0,280,0,0,0
2020-07-24,631,0,0,280,0,0,0
2020-07-25,631,0,0,280,0,0,0
2020-07-26,631,0,0,280,0,0,0
2020-07-27,631,0,0,280,0,0,0
2020-07-28,631,0,0,280,0,0,0
2020-07-29,631,0,0,280,0,0,0
2020-07-30,631,0,0,280,0,0,0
2020-07-31,631,0,0,280,0,0,0
2020-08-01,631,0,0,280,0,0,0
2020-08-02,631,0,0,280,0,0,0
2020-08-03,631,0,0,280,0,0,0
2020-08-04,631,0,0,280,0,0,0
2020-08-05,631,0,0,280,0,0,0
2020-08-06,631,0,0,280,0,0,0
2020-08-07,631,0,0,280,0,0,0
2020-08-08,631,0,0,280,0,0,0
2020-08-09,631,0,0,280,0,0,0
2020-08-10,631,0,0,280,0,0,0
2020-08-11,631,0,0,280,0,0,0
2020-08-12,631,0,0,280,0,0,0
2020-08-13,631,0,0,280,0,0,0
2020-08-14,631,0,0,280,0,0,0
2020-08-15,631,0,0,280,0,0,0
2020-08-16,631,0,0,280,0,0,0
2020-08-17,631,0,0,280,0,0,0
2020-08-18,631,0,0,280,0,0,0
2020-08-19,631,0,0,280,0,0,0
2020-08-20,631,0,0,280,0,0,0
2020-08-21,631,0,0,280,0,0,0
2020-08-22,631,0,0,280,0,0,0
2020-08-23,631,0,0,280,0,0,0
2020-08-24,631,0,0,280,0,0,0
2020-08-25,631,0,0,280,0,0,0
2020-08-26,631,0,0,280,0,0,0
2020-08-27,631,0,0,280,0,0,0
2020-08-28,631,0,0,280,0,0,0
2020-08-29,631,0,0,280,0,0,0
2020-08-30,631,0,0,280,0,0,0
2020-08-31,631,0,0,280,0,0,0
