model,run_id,MoE,FiLM,Lag_Gate,L_ps,PA,CF_augmentation,adaptive_margin,policy_phase_ranking,omega_weighting
UrbanShare,REF_BASE,0,0,0,0,0,NA,NA,NA,NA
UrbanShare-MoE,REF_MOE_PA_supervised,1,1,1,1,0,NA,NA,NA,NA
UrbanShare-MoE-PA,REF_MOE_PA,1,1,1,1,1,1,1,1,1
w/o Lag Gate,A1_no_lag_gate,1,1,0,1,1,1,1,1,1
w/o FiLM,A2_no_film,1,0,1,1,1,1,1,1,1
w/o L_ps,A3_no_lps,1,1,1,0,1,1,1,1,1
MoE only + PA,A4_moe_only,1,0,0,0,1,1,1,1,1
w/o CF augmentation,B1_no_cf_aug,1,1,1,1,1,0,1,1,1
w/o adaptive margin,B2_no_adaptive_margin,1,1,1,1,1,1,0,1,1
w/o policy-phase ranking,B3_no_phase_resp,1,1,1,1,1,1,1,0,1
w/o omega weighting,B4_no_omega,1,1,1,1,1,1,1,1,0
