date,phase_used,phase_source,S,E,I,R,new_E,new_E_internal,new_E_external,cum_inf,new_E_7dma
2020-03-01,0,daily_shares,909,0,2,0,0,0,0,2.0,0.5
2020-03-02,0,daily_shares,908,1,2,0,1,1,0,3.0,0.8
2020-03-03,0,daily_shares,907,2,2,0,1,1,0,4.0,0.6666666666666666
2020-03-04,0,daily_shares,907,2,2,0,0,0,0,4.0,0.5714285714285714
2020-03-05,0,daily_shares,905,3,3,0,2,2,0,6.0,0.5714285714285714
2020-03-06,0,daily_shares,905,2,4,0,0,0,0,6.0,0.7142857142857143
2020-03-07,0,daily_shares,905,2,2,2,0,0,0,6.0,0.7142857142857143
2020-03-08,0,daily_shares,905,0,4,2,0,0,0,6.0,0.7142857142857143
2020-03-09,0,daily_shares,903,2,4,2,2,2,0,8.0,0.8571428571428571
2020-03-10,0,daily_shares,902,3,4,2,1,1,0,9.0,0.8571428571428571
2020-03-11,0,daily_shares,902,3,4,2,0,0,0,9.0,1.0
2020-03-12,0,daily_shares,899,4,5,3,3,3,0,12.0,1.0
2020-03-13,0,daily_shares,899,3,5,4,0,0,0,12.0,1.5714285714285714
2020-03-14,0,daily_shares,898,4,5,4,1,1,0,13.0,2.0
2020-03-15,0,daily_shares,898,1,6,6,0,0,0,13.0,2.142857142857143
2020-03-16,0,daily_shares,892,7,6,6,6,6,0,19.0,1.8571428571428572
2020-03-17,0,daily_shares,888,10,7,6,4,4,0,23.0,2.142857142857143
2020-03-18,0,daily_shares,887,11,7,6,1,1,0,24.0,2.4285714285714284
2020-03-19,0,daily_shares,886,6,11,8,1,1,0,25.0,2.5714285714285716
2020-03-20,0,daily_shares,884,4,14,9,2,2,0,27.0,1.8571428571428572
2020-03-21,0,daily_shares,881,6,15,9,3,3,0,30.0,1.4285714285714286
2020-03-22,0,daily_shares,880,6,13,12,1,1,0,31.0,2.0
2020-03-23,0,daily_shares,879,5,15,12,1,1,0,32.0,2.2857142857142856
2020-03-24,0,daily_shares,878,3,17,13,1,1,0,33.0,2.0
2020-03-25,0,daily_shares,873,7,18,13,5,5,0,38.0,1.8571428571428572
2020-03-26,0,daily_shares,870,9,13,19,3,3,0,41.0,1.8571428571428572
2020-03-27,0,daily_shares,870,8,10,23,0,0,0,41.0,2.142857142857143
2020-03-28,0,daily_shares,868,5,14,24,2,2,0,43.0,2.5714285714285716
2020-03-29,0,daily_shares,867,3,16,25,1,1,0,44.0,2.2857142857142856
2020-03-30,0,daily_shares,864,6,14,27,3,3,0,47.0,2.0
2020-03-31,0,daily_shares,860,8,13,30,4,4,0,51.0,2.0
2020-04-01,0,daily_shares,857,10,13,31,3,3,0,54.0,2.0
2020-04-02,0,daily_shares,856,8,15,32,1,1,0,55.0,2.4285714285714284
2020-04-03,0,daily_shares,856,4,18,33,0,0,0,55.0,3.2857142857142856
2020-04-04,0,daily_shares,854,3,16,38,2,2,0,57.0,2.857142857142857
2020-04-05,0,daily_shares,850,6,14,41,4,4,0,61.0,2.857142857142857
2020-04-06,0,daily_shares,841,15,14,41,9,9,0,70.0,3.0
2020-04-07,1,daily_shares,840,14,14,43,1,1,0,71.0,3.0
2020-04-08,1,daily_shares,837,13,17,44,3,3,0,74.0,3.0
2020-04-09,1,daily_shares,835,6,23,47,2,2,0,76.0,2.5714285714285716
2020-04-10,1,daily_shares,835,5,20,51,0,0,0,76.0,1.8571428571428572
2020-04-11,1,daily_shares,833,4,20,54,2,2,0,78.0,2.142857142857143
2020-04-12,1,daily_shares,832,3,21,55,1,1,0,79.0,2.5714285714285716
2020-04-13,1,daily_shares,828,7,21,55,4,4,0,83.0,2.5714285714285716
2020-04-14,1,daily_shares,825,8,21,57,3,3,0,86.0,2.857142857142857
2020-04-15,1,daily_shares,819,13,18,61,6,6,0,92.0,2.7142857142857144
2020-04-16,1,daily_shares,817,11,13,70,2,2,0,94.0,2.5714285714285716
2020-04-17,1,daily_shares,815,10,15,71,2,2,0,96.0,2.2857142857142856
2020-04-18,1,daily_shares,814,5,18,74,1,1,0,97.0,1.8571428571428572
2020-04-19,1,daily_shares,814,3,18,76,0,0,0,97.0,1.4285714285714286
2020-04-20,1,daily_shares,812,3,20,76,2,2,0,99.0,1.1428571428571428
2020-04-21,1,daily_shares,812,2,19,78,0,0,0,99.0,1.0
2020-04-22,1,daily_shares,809,5,18,79,3,3,0,102.0,1.0
2020-04-23,1,daily_shares,809,3,16,83,0,0,0,102.0,1.0
2020-04-24,1,daily_shares,808,4,13,86,1,1,0,103.0,0.7142857142857143
2020-04-25,1,daily_shares,807,2,10,92,1,1,0,104.0,0.7142857142857143
2020-04-26,1,daily_shares,807,2,8,94,0,0,0,104.0,0.5714285714285714
2020-04-27,1,daily_shares,807,1,7,96,0,0,0,104.0,0.8571428571428571
2020-04-28,1,daily_shares,807,0,7,97,0,0,0,104.0,0.7142857142857143
2020-04-29,1,daily_shares,805,2,7,97,2,2,0,106.0,0.5714285714285714
2020-04-30,1,daily_shares,803,4,5,99,2,2,0,108.0,0.5714285714285714
2020-05-01,1,daily_shares,803,4,5,99,0,0,0,108.0,0.5714285714285714
2020-05-02,1,daily_shares,803,2,4,102,0,0,0,108.0,0.7142857142857143
2020-05-03,1,daily_shares,803,0,6,102,0,0,0,108.0,0.5714285714285714
2020-05-04,1,daily_shares,803,0,5,103,0,0,0,108.0,0.2857142857142857
2020-05-05,1,daily_shares,802,1,4,104,1,1,0,109.0,0.2857142857142857
2020-05-06,1,daily_shares,801,2,4,104,1,1,0,110.0,0.2857142857142857
2020-05-07,1,daily_shares,801,2,4,104,0,0,0,110.0,0.2857142857142857
2020-05-08,1,daily_shares,801,1,5,104,0,0,0,110.0,0.2857142857142857
2020-05-09,1,daily_shares,801,0,4,106,0,0,0,110.0,0.14285714285714285
2020-05-10,1,daily_shares,801,0,2,108,0,0,0,110.0,0.14285714285714285
2020-05-11,1,daily_shares,801,0,2,108,0,0,0,110.0,0.14285714285714285
2020-05-12,1,daily_shares,801,0,2,108,0,0,0,110.0,0.14285714285714285
2020-05-13,1,daily_shares,800,1,2,108,1,1,0,111.0,0.14285714285714285
2020-05-14,1,daily_shares,800,1,2,108,0,0,0,111.0,0.14285714285714285
2020-05-15,1,daily_shares,800,1,1,109,0,0,0,111.0,0.14285714285714285
2020-05-16,1,daily_shares,800,0,1,110,0,0,0,111.0,0.2857142857142857
2020-05-17,1,daily_shares,800,0,1,110,0,0,0,111.0,0.14285714285714285
2020-05-18,1,daily_shares,800,0,1,110,0,0,0,111.0,0.14285714285714285
2020-05-19,1,daily_shares,799,1,1,110,1,1,0,112.0,0.14285714285714285
2020-05-20,1,daily_shares,799,1,1,110,0,0,0,112.0,0.42857142857142855
2020-05-21,1,daily_shares,799,1,1,110,0,0,0,112.0,0.42857142857142855
2020-05-22,1,daily_shares,799,0,2,110,0,0,0,112.0,0.42857142857142855
2020-05-23,1,daily_shares,797,2,1,111,2,2,0,114.0,0.2857142857142857
2020-05-24,1,daily_shares,797,2,1,111,0,0,0,114.0,0.42857142857142855
2020-05-25,1,daily_shares,797,2,1,111,0,0,0,114.0,0.42857142857142855
2020-05-26,1,daily_shares,797,0,3,111,0,0,0,114.0,0.42857142857142855
2020-05-27,1,daily_shares,796,1,3,111,1,1,0,115.0,0.14285714285714285
2020-05-28,1,daily_shares,796,1,3,111,0,0,0,115.0,0.14285714285714285
2020-05-29,1,daily_shares,796,1,2,112,0,0,0,115.0,0.14285714285714285
2020-05-30,1,daily_shares,796,0,3,112,0,0,0,115.0,0.14285714285714285
2020-05-31,1,daily_shares,796,0,3,112,0,0,0,115.0,0.14285714285714285
2020-06-01,1,daily_shares,796,0,3,112,0,0,0,115.0,0.14285714285714285
2020-06-02,2,daily_shares,796,0,1,114,0,0,0,115.0,0.42857142857142855
2020-06-03,2,daily_shares,795,1,1,114,1,1,0,116.0,0.42857142857142855
2020-06-04,2,daily_shares,795,1,1,114,0,0,0,116.0,0.42857142857142855
2020-06-05,2,daily_shares,793,3,1,114,2,2,0,118.0,0.42857142857142855
2020-06-06,2,daily_shares,793,2,1,115,0,0,0,118.0,0.42857142857142855
2020-06-07,2,daily_shares,793,2,1,115,0,0,0,118.0,0.2857142857142857
2020-06-08,2,daily_shares,793,0,3,115,0,0,0,118.0,0.2857142857142857
2020-06-09,2,daily_shares,793,0,3,115,0,0,0,118.0,0.14285714285714285
2020-06-10,2,daily_shares,793,0,3,115,0,0,0,118.0,0.14285714285714285
2020-06-11,2,daily_shares,793,0,3,115,0,0,0,118.0,0.14285714285714285
2020-06-12,2,daily_shares,792,1,3,115,1,1,0,119.0,0.14285714285714285
2020-06-13,2,daily_shares,792,1,2,116,0,0,0,119.0,0.14285714285714285
2020-06-14,2,daily_shares,792,1,2,116,0,0,0,119.0,0.2857142857142857
2020-06-15,2,daily_shares,792,0,1,118,0,0,0,119.0,0.42857142857142855
2020-06-16,2,daily_shares,792,0,1,118,0,0,0,119.0,0.2857142857142857
2020-06-17,2,daily_shares,791,1,1,118,1,1,0,120.0,0.2857142857142857
2020-06-18,2,daily_shares,790,2,1,118,1,1,0,121.0,0.2857142857142857
2020-06-19,2,daily_shares,790,2,1,118,0,0,0,121.0,0.5714285714285714
2020-06-20,2,daily_shares,790,1,2,118,0,0,0,121.0,0.7142857142857143
2020-06-21,2,daily_shares,790,0,3,118,0,0,0,121.0,0.5714285714285714
2020-06-22,3,daily_shares,788,2,2,119,2,2,0,123.0,0.5714285714285714
2020-06-23,3,daily_shares,787,3,2,119,1,1,0,124.0,0.7142857142857143
2020-06-24,3,daily_shares,787,3,2,119,0,0,0,124.0,1.0
2020-06-25,3,daily_shares,786,2,4,119,1,1,0,125.0,1.4285714285714286
2020-06-26,3,daily_shares,785,2,5,119,1,1,0,126.0,1.2857142857142858
2020-06-27,3,daily_shares,783,4,4,120,2,2,0,128.0,1.2857142857142858
2020-06-28,3,daily_shares,780,6,4,121,3,3,0,131.0,1.2857142857142858
2020-06-29,3,daily_shares,779,6,5,121,1,1,0,132.0,1.4285714285714286
2020-06-30,3,daily_shares,778,5,7,121,1,1,0,133.0,1.2857142857142858
2020-07-01,3,daily_shares,778,2,10,121,0,0,0,133.0,1.5714285714285714
2020-07-02,3,daily_shares,776,3,9,123,2,2,0,135.0,1.2857142857142858
2020-07-03,3,daily_shares,776,2,9,124,0,0,0,135.0,1.2857142857142858
2020-07-04,3,daily_shares,772,6,9,124,4,4,0,139.0,1.4285714285714286
2020-07-05,3,daily_shares,771,5,10,125,1,1,0,140.0,2.0
2020-07-06,3,daily_shares,770,6,9,126,1,1,0,141.0,1.8571428571428572
2020-07-07,3,daily_shares,768,4,11,128,2,2,0,143.0,1.8571428571428572
2020-07-08,3,daily_shares,764,7,9,131,4,4,0,147.0,1.4285714285714286
2020-07-09,3,daily_shares,763,7,9,132,1,1,0,148.0,1.2857142857142858
2020-07-10,3,daily_shares,763,5,10,133,0,0,0,148.0,1.7142857142857142
2020-07-11,3,daily_shares,762,2,14,133,1,1,0,149.0,1.7142857142857142
2020-07-12,3,daily_shares,762,1,13,135,0,0,0,149.0,1.2857142857142858
2020-07-13,3,daily_shares,758,5,13,135,4,4,0,153.0,1.1428571428571428
2020-07-14,3,daily_shares,756,6,10,139,2,2,0,155.0,1.2857142857142858
2020-07-15,3,daily_shares,755,7,9,140,1,1,0,156.0,1.2857142857142858
2020-07-16,3,daily_shares,755,3,12,141,0,0,0,156.0,1.5714285714285714
2020-07-17,3,daily_shares,754,2,12,143,1,1,0,157.0,1.1428571428571428
2020-07-18,3,daily_shares,753,2,9,147,1,1,0,158.0,0.8571428571428571
2020-07-19,3,daily_shares,751,4,8,148,2,2,0,160.0,0.8571428571428571
2020-07-20,3,daily_shares,750,4,9,148,1,1,0,161.0,1.0
2020-07-21,3,daily_shares,750,3,9,149,0,0,0,161.0,0.8571428571428571
2020-07-22,3,daily_shares,749,2,11,149,1,1,0,162.0,0.7142857142857143
2020-07-23,3,daily_shares,748,2,8,153,1,1,0,163.0,0.7142857142857143
2020-07-24,3,daily_shares,748,2,6,155,0,0,0,163.0,0.5714285714285714
2020-07-25,3,daily_shares,748,1,6,156,0,0,0,163.0,0.8571428571428571
2020-07-26,3,daily_shares,746,2,7,156,2,2,0,165.0,1.1428571428571428
2020-07-27,3,daily_shares,746,2,6,157,0,0,0,165.0,1.2857142857142858
2020-07-28,3,daily_shares,744,4,5,158,2,2,0,167.0,1.2857142857142858
2020-07-29,3,daily_shares,741,5,5,160,3,3,0,170.0,1.2857142857142858
2020-07-30,3,daily_shares,739,7,4,161,2,2,0,172.0,1.0
2020-07-31,3,daily_shares,739,5,6,161,0,0,0,172.0,1.0
2020-08-01,3,daily_shares,739,2,8,162,0,0,0,172.0,0.7142857142857143
2020-08-02,3,daily_shares,739,0,9,163,0,0,0,172.0,0.2857142857142857
2020-08-03,3,daily_shares,739,0,9,163,0,0,0,172.0,0.0
2020-08-04,3,daily_shares,739,0,9,163,0,0,0,172.0,0.14285714285714285
2020-08-05,3,daily_shares,739,0,7,165,0,0,0,172.0,0.14285714285714285
2020-08-06,3,daily_shares,739,0,7,165,0,0,0,172.0,0.14285714285714285
2020-08-07,3,daily_shares,738,1,5,167,1,1,0,173.0,0.14285714285714285
2020-08-08,3,daily_shares,738,1,2,170,0,0,0,173.0,0.14285714285714285
2020-08-09,3,daily_shares,738,1,0,172,0,0,0,173.0,0.14285714285714285
2020-08-10,3,daily_shares,738,0,1,172,0,0,0,173.0,0.14285714285714285
2020-08-11,3,daily_shares,738,0,1,172,0,0,0,173.0,0.0
2020-08-12,3,daily_shares,738,0,1,172,0,0,0,173.0,0.0
2020-08-13,3,daily_shares,738,0,1,172,0,0,0,173.0,0.0
2020-08-14,3,daily_shares,738,0,1,172,0,0,0,173.0,0.0
2020-08-15,3,daily_shares,738,0,1,172,0,0,0,173.0,0.0
2020-08-16,3,daily_shares,738,0,1,172,0,0,0,173.0,0.0
2020-08-17,3,daily_shares,738,0,0,173,0,0,0,173.0,0.0
2020-08-18,3,daily_shares,738,0,0,173,0,0,0,173.0,0.0
2020-08-19,3,daily_shares,738,0,0,173,0,0,0,173.0,0.0
2020-08-20,3,daily_shares,738,0,0,173,0,0,0,173.0,0.0
2020-08-21,3,daily_shares,738,0,0,173,0,0,0,173.0,0.0
2020-08-22,3,daily_shares,738,0,0,173,0,0,0,173.0,0.0
2020-08-23,3,daily_shares,738,0,0,173,0,0,0,173.0,0.0
2020-08-24,3,daily_shares,738,0,0,173,0,0,0,173.0,0.0
2020-08-25,3,daily_shares,738,0,0,173,0,0,0,173.0,0.0
2020-08-26,3,daily_shares,738,0,0,173,0,0,0,173.0,0.0
2020-08-27,3,daily_shares,738,0,0,173,0,0,0,173.0,0.0
2020-08-28,3,daily_shares,738,0,0,173,0,0,0,173.0,0.0
2020-08-29,3,daily_shares,738,0,0,173,0,0,0,173.0,0.0
2020-08-30,3,daily_shares,738,0,0,173,0,0,0,173.0,0.0
2020-08-31,3,daily_shares,738,0,0,173,0,0,0,173.0,0.0
