policy,seed,peak_I,peak_new_E_7dma,final_R,area_I,area_new_E,duration_I_gt_1
Original policy,1234,83.0,11.857142857142858,305.0,2133.0,303.0,75
Early lockdown,1234,59.0,8.428571428571429,231.0,1615.0,229.0,91
Late lockdown,1234,91.0,13.0,368.0,2574.0,366.0,69
Short lockdown,1234,86.0,12.285714285714286,325.0,2273.0,323.0,106
Long lockdown,1234,89.0,12.714285714285714,319.0,2231.0,317.0,71
Original policy,1235,94.0,13.428571428571429,287.0,2007.0,285.0,81
Early lockdown,1235,57.0,8.142857142857142,284.0,1986.0,282.0,132
Late lockdown,1235,105.0,15.0,354.0,2476.0,352.0,78
Short lockdown,1235,90.0,12.857142857142858,270.0,1888.0,268.0,70
Long lockdown,1235,90.0,12.857142857142858,264.0,1846.0,262.0,69
Original policy,1236,142.0,20.285714285714285,422.0,2952.0,420.0,63
Early lockdown,1236,131.0,18.714285714285715,336.0,2350.0,334.0,76
Late lockdown,1236,154.0,22.0,492.0,3442.0,490.0,61
Short lockdown,1236,148.0,21.142857142857142,436.0,3050.0,434.0,63
Long lockdown,1236,149.0,21.285714285714285,431.0,3015.0,429.0,62
Original policy,1237,63.0,9.0,243.0,1699.0,241.0,115
Early lockdown,1237,44.0,6.285714285714286,210.0,1468.0,208.0,143
Late lockdown,1237,111.0,15.857142857142858,347.0,2427.0,345.0,64
Short lockdown,1237,86.0,12.285714285714286,258.0,1804.0,256.0,78
Long lockdown,1237,88.0,12.571428571428571,255.0,1783.0,253.0,70
Original policy,1238,91.0,13.0,285.0,1993.0,283.0,82
Early lockdown,1238,47.0,6.714285714285714,260.0,1874.0,280.0,145
Late lockdown,1238,125.0,17.857142857142858,387.0,2707.0,385.0,75
Short lockdown,1238,94.0,13.428571428571429,284.0,1986.0,282.0,80
Long lockdown,1238,95.0,13.571428571428571,281.0,1965.0,279.0,80
Original policy,1239,76.0,10.857142857142858,214.0,1496.0,212.0,81
Early lockdown,1239,41.0,5.857142857142857,196.0,1408.0,210.0,119
Late lockdown,1239,114.0,16.285714285714285,323.0,2259.0,321.0,71
Short lockdown,1239,86.0,12.285714285714286,242.0,1692.0,240.0,73
Long lockdown,1239,71.0,10.142857142857142,203.0,1419.0,201.0,79
Original policy,1240,138.0,19.714285714285715,409.0,2861.0,407.0,67
Early lockdown,1240,94.0,13.428571428571429,298.0,2084.0,296.0,68
Late lockdown,1240,140.0,20.0,465.0,3253.0,463.0,68
Short lockdown,1240,143.0,20.428571428571427,417.0,2917.0,415.0,67
Long lockdown,1240,146.0,20.857142857142858,416.0,2910.0,414.0,67
Original policy,1241,112.0,16.0,337.0,2357.0,335.0,74
Early lockdown,1241,51.0,7.285714285714286,228.0,1594.0,226.0,88
Late lockdown,1241,148.0,21.142857142857142,416.0,2910.0,414.0,70
Short lockdown,1241,120.0,17.142857142857142,354.0,2476.0,352.0,87
Long lockdown,1241,128.0,18.285714285714285,361.0,2525.0,359.0,69
Original policy,1242,46.0,6.571428571428571,356.0,2540.0,370.0,181
Early lockdown,1242,91.0,13.0,271.0,2221.0,377.0,90
Late lockdown,1242,66.0,9.428571428571429,256.0,1790.0,254.0,130
Short lockdown,1242,41.0,5.857142857142857,237.0,1657.0,235.0,147
Long lockdown,1242,71.0,10.142857142857142,260.0,1821.0,259.0,141
Original policy,1243,111.0,15.857142857142858,342.0,2392.0,340.0,71
Early lockdown,1243,79.0,11.285714285714286,265.0,1853.0,263.0,76
Late lockdown,1243,129.0,18.428571428571427,430.0,3008.0,428.0,72
Short lockdown,1243,112.0,16.0,344.0,2406.0,342.0,71
Long lockdown,1243,112.0,16.0,339.0,2371.0,337.0,71
